name,url
AESOLAR,https://www.enfsolar.com/aesolar?directory=installer&list=Germany
Liebesonne Solar,https://www.enfsolar.com/liebesonne-solar?directory=installer&list=Germany
PV Venture,https://www.enfsolar.com/pv-venture?directory=installer&list=Germany
Dirk Büllesfeld,https://www.enfsolar.com/dirk-bullesfeld?directory=installer&list=Germany
Peters,https://www.enfsolar.com/peters?directory=installer&list=Germany
Grunerstrom,https://www.enfsolar.com/grunerstrom?directory=installer&list=Germany
Energiekonzepte Gärtner,https://www.enfsolar.com/energiekonzepte-gartner?directory=installer&list=Germany
MayRiesen,https://www.enfsolar.com/mayriesen?directory=installer&list=Germany
Reinke,https://www.enfsolar.com/reinke?directory=installer&list=Germany
Fritz Meyer,https://www.enfsolar.com/fritz-meyer?directory=installer&list=Germany
Elektrokass,https://www.enfsolar.com/elektrokass?directory=installer&list=Germany
Energize,https://www.enfsolar.com/energize-3?directory=installer&list=Germany
Baumann Solartechnik,https://www.enfsolar.com/baumann-solartechnik?directory=installer&list=Germany
Georg Berz & Co. GmbH Sanitäre Installationen,https://www.enfsolar.com/georg-berz-co-gmbh-sanitare-installationen?directory=installer&list=Germany
Heizungsbau Nüßlein,https://www.enfsolar.com/heizungsbau-nu-lein?directory=installer&list=Germany
Rest Bedachungen,https://www.enfsolar.com/rest-bedachungen?directory=installer&list=Germany
Witsch,https://www.enfsolar.com/witsch?directory=installer&list=Germany
OB Solar,https://www.enfsolar.com/ob-solar?directory=installer&list=Germany
Holzbau Bleicher,https://www.enfsolar.com/holzbau-bleicher?directory=installer&list=Germany
Reimers und Hansen,https://www.enfsolar.com/reimers-und-hansen?directory=installer&list=Germany
WolfsBau,https://www.enfsolar.com/wolfsbau?directory=installer&list=Germany
Stopper Zimmerei,https://www.enfsolar.com/stopper-zimmerei?directory=installer&list=Germany
Zimmer Solar,https://www.enfsolar.com/zimmer-solar?directory=installer&list=Germany
Zimmermann & Siemer Holzbau,https://www.enfsolar.com/zimmermann-siemer-holzbau?directory=installer&list=Germany
Elektro Heigl,https://www.enfsolar.com/elektro-heigl?directory=installer&list=Germany
Elektrotechnik Heigl,https://www.enfsolar.com/elektrotechnik-heigl?directory=installer&list=Germany
Heigl Hans,https://www.enfsolar.com/heigl-hans?directory=installer&list=Germany
Solar & Klima Kompetenzzentrum,https://www.enfsolar.com/solar-klima-kompetenzzentrum?directory=installer&list=Germany
SolarFields,https://www.enfsolar.com/solarfields?directory=installer&list=Germany
MBE,https://www.enfsolar.com/mbe?directory=installer&list=Germany
Heidenreich Solarstrom,https://www.enfsolar.com/heidenreich-solarstrom?directory=installer&list=Germany
Dr. Starck Gebäude- und Umwelttechnik,https://www.enfsolar.com/dr-starck-gebaude-und-umwelttechnik?directory=installer&list=Germany
mf Mercedöl,https://www.enfsolar.com/mf-mercedol?directory=installer&list=Germany
Maschinen- und Betriebshilfsring Crailsheim,https://www.enfsolar.com/maschinen-und-betriebshilfsring-crailsheim?directory=installer&list=Germany
HEG Energie,https://www.enfsolar.com/heg-energie?directory=installer&list=Germany
ReGe Tech,https://www.enfsolar.com/rege-tech?directory=installer&list=Germany
Elektro Panne,https://www.enfsolar.com/elektro-panne?directory=installer&list=Germany
LET,https://www.enfsolar.com/let?directory=installer&list=Germany
Albwerk,https://www.enfsolar.com/albwerk?directory=installer&list=Germany
Droxner,https://www.enfsolar.com/droxner?directory=installer&list=Germany
Solar8 Energy,https://www.enfsolar.com/solar8-energy?directory=installer&list=Germany
PaechElektro,https://www.enfsolar.com/paechelektro?directory=installer&list=Germany
Lichthorn,https://www.enfsolar.com/lichthorn?directory=installer&list=Germany
Sandmeyer,https://www.enfsolar.com/sandmeyer?directory=installer&list=Germany
Peter Kreft,https://www.enfsolar.com/peter-kreft?directory=installer&list=Germany
Intelluma,https://www.enfsolar.com/intelluma?directory=installer&list=Germany
Weigel,https://www.enfsolar.com/weigel?directory=installer&list=Germany
Husle,https://www.enfsolar.com/husle?directory=installer&list=Germany
Aular,https://www.enfsolar.com/aular?directory=installer&list=Germany
SWG Systeme,https://www.enfsolar.com/swg-systeme?directory=installer&list=Germany
Düßmann Zimmerei,https://www.enfsolar.com/du-mann-zimmerei?directory=installer&list=Germany
Zimmerei Grünspecht,https://www.enfsolar.com/zimmerei-grunspecht?directory=installer&list=Germany
Zimmerei Rathjens,https://www.enfsolar.com/zimmerei-rathjens?directory=installer&list=Germany
Schwarzwald Zimmerei,https://www.enfsolar.com/schwarzwald-zimmerei?directory=installer&list=Germany
Luginsland,https://www.enfsolar.com/luginsland?directory=installer&list=Germany
Zimmerei Pawlowski,https://www.enfsolar.com/zimmerei-pawlowski?directory=installer&list=Germany
Zimmerei Baumann,https://www.enfsolar.com/zimmerei-baumann?directory=installer&list=Germany
Zimmerei Freiburger,https://www.enfsolar.com/zimmerei-freiburger?directory=installer&list=Germany
Huber,https://www.enfsolar.com/huber?directory=installer&list=Germany
Zimmerei Amon,https://www.enfsolar.com/zimmerei-amon?directory=installer&list=Germany
Holzbaumanufaktur Kern,https://www.enfsolar.com/holzbaumanufaktur-kern?directory=installer&list=Germany
IB Walther,https://www.enfsolar.com/ib-walther?directory=installer&list=Germany
Elektro Batz,https://www.enfsolar.com/elektro-batz?directory=installer&list=Germany
Schuster Gebäudetechnik,https://www.enfsolar.com/schuster-gebaudetechnik?directory=installer&list=Germany
Antapex,https://www.enfsolar.com/antapex?directory=installer&list=Germany
Halesa Solar,https://www.enfsolar.com/halesa-solar?directory=installer&list=Germany
MeinKraftwerk,https://www.enfsolar.com/meinkraftwerk?directory=installer&list=Germany
JKM PV,https://www.enfsolar.com/jkm-pv?directory=installer&list=Germany
SK EnerTech,https://www.enfsolar.com/sk-enertech?directory=installer&list=Germany
Solar Kraftwerk,https://www.enfsolar.com/solar-kraftwerk?directory=installer&list=Germany
Eckert Heizung Sanitär,https://www.enfsolar.com/eckert-heizung-sanitar?directory=installer&list=Germany
Berner & Eckert Kälteanlagen,https://www.enfsolar.com/berner-eckert-kalteanlagen?directory=installer&list=Germany
Eckert Haustechnik,https://www.enfsolar.com/eckert-haustechnik?directory=installer&list=Germany
Eckert Dachtechnik,https://www.enfsolar.com/eckert-dachtechnik?directory=installer&list=Germany
Eckert NewEnergy,https://www.enfsolar.com/eckert-newenergy?directory=installer&list=Germany
Roof-Wood & PV Construction,https://www.enfsolar.com/roof-wood-pv-construction?directory=installer&list=Germany
Gebr. Schulz,https://www.enfsolar.com/gebr-schulz?directory=installer&list=Germany
Solarteam Rheinland,https://www.enfsolar.com/solarteam-rheinland?directory=installer&list=Germany
R + B Photovoltaik,https://www.enfsolar.com/r-b-photovoltaik?directory=installer&list=Germany
Schmitt Matthias Solar,https://www.enfsolar.com/schmitt-matthias-solar?directory=installer&list=Germany
EKRAFT,https://www.enfsolar.com/ekraft?directory=installer&list=Germany
Knecht Energietechnik,https://www.enfsolar.com/knecht-energietechnik?directory=installer&list=Germany
EKS Power,https://www.enfsolar.com/eks-power?directory=installer&list=Germany
EtaX-Energy,https://www.enfsolar.com/etax-energy?directory=installer&list=Germany
AKKU SYS - a-TroniX,https://www.enfsolar.com/akku-sys-a-tronix?directory=installer&list=Germany
B+E Solutions,https://www.enfsolar.com/b-e-solutions?directory=installer&list=Germany
Eberhard,https://www.enfsolar.com/eberhard-2?directory=installer&list=Germany
BE RN,https://www.enfsolar.com/be-rn?directory=installer&list=Germany
Müller + Müller,https://www.enfsolar.com/muller-muller?directory=installer&list=Germany
M&M Solar,https://www.enfsolar.com/m-m-solar?directory=installer&list=Germany
M&M Montageteam,https://www.enfsolar.com/m-m-montageteam?directory=installer&list=Germany
M&M-Dienstleistungen,https://www.enfsolar.com/m-m-dienstleistungen?directory=installer&list=Germany
BEP,https://www.enfsolar.com/bep-1?directory=installer&list=Germany
M&M Bedachungen,https://www.enfsolar.com/m-m-bedachungen?directory=installer&list=Germany
M+M Photovoltaikbau,https://www.enfsolar.com/m-m-photovoltaikbau?directory=installer&list=Germany
M&M PV Technik,https://www.enfsolar.com/m-m-pv-technik?directory=installer&list=Germany
Energie Günstiger,https://www.enfsolar.com/energie-gunstiger?directory=installer&list=Germany
Congy,https://www.enfsolar.com/congy?directory=installer&list=Germany
Niederrhein Photovoltaik,https://www.enfsolar.com/niederrhein-photovoltaik?directory=installer&list=Germany
Greenlution,https://www.enfsolar.com/greenlution?directory=installer&list=Germany
Bernd Hoß,https://www.enfsolar.com/bernd-ho?directory=installer&list=Germany
Lead Solar,https://www.enfsolar.com/lead-solar-1?directory=installer&list=Germany
Wolf GmbH,https://www.enfsolar.com/wolf-gmbh?directory=installer&list=Germany
Elektro-u. Sicherheitstechnik Reis,https://www.enfsolar.com/elektro-u-sicherheitstechnik-reis?directory=installer&list=Germany
AVR Rettenmeier,https://www.enfsolar.com/avr-rettenmeier?directory=installer&list=Germany
ALVA Energie,https://www.enfsolar.com/alva-energie?directory=installer&list=Germany
Geoperis,https://www.enfsolar.com/geoperis?directory=installer&list=Germany
Solarix,https://www.enfsolar.com/solarix-5?directory=installer&list=Germany
Reithofer Solar,https://www.enfsolar.com/reithofer-solar?directory=installer&list=Germany
Suntett,https://www.enfsolar.com/suntett?directory=installer&list=Germany
Janzen Energie,https://www.enfsolar.com/janzen-energie?directory=installer&list=Germany
Süddeutsche Energiesysteme,https://www.enfsolar.com/suddeutsche-energiesysteme?directory=installer&list=Germany
Die Solaristen,https://www.enfsolar.com/die-solaristen?directory=installer&list=Germany
EKS-Tec,https://www.enfsolar.com/eks-tec?directory=installer&list=Germany
EnergieSpecht,https://www.enfsolar.com/energiespecht?directory=installer&list=Germany
Bestkonzept Solar,https://www.enfsolar.com/bestkonzept-solar?directory=installer&list=Germany
Mark Kniel,https://www.enfsolar.com/mark-kniel?directory=installer&list=Germany
eDot Energy,https://www.enfsolar.com/edot-energy?directory=installer&list=Germany
VigoWatt,https://www.enfsolar.com/vigowatt?directory=installer&list=Germany
Pittroff Elektrotechnik,https://www.enfsolar.com/pittroff-elektrotechnik?directory=installer&list=Germany
My Sunlite,https://www.enfsolar.com/my-sunlite?directory=installer&list=Germany
Dach- und Fassadenbau,https://www.enfsolar.com/dach-und-fassadenbau?directory=installer&list=Germany
Roland Schmidt,https://www.enfsolar.com/roland-schmidt?directory=installer&list=Germany
Moser-Bedachungen,https://www.enfsolar.com/moser-bedachungen?directory=installer&list=Germany
G&P Solar,https://www.enfsolar.com/g-p-solar?directory=installer&list=Germany
Elektro Barth,https://www.enfsolar.com/elektro-barth?directory=installer&list=Germany
Solar-Pur,https://www.enfsolar.com/solar-pur?directory=installer&list=Germany
Baumeister Dachtechnik,https://www.enfsolar.com/baumeister-dachtechnik?directory=installer&list=Germany
Solareck,https://www.enfsolar.com/solareck?directory=installer&list=Germany
Franke PV,https://www.enfsolar.com/franke-pv?directory=installer&list=Germany
DMH Lüttich,https://www.enfsolar.com/dmh-luttich?directory=installer&list=Germany
Attendorner Dachtechnik,https://www.enfsolar.com/attendorner-dachtechnik?directory=installer&list=Germany
Peter Reinhardt,https://www.enfsolar.com/peter-reinhardt?directory=installer&list=Germany
Metus Solar,https://www.enfsolar.com/metus-solar?directory=installer&list=Germany
JMJS Solar,https://www.enfsolar.com/jmjs-solar?directory=installer&list=Germany
SPIE,https://www.enfsolar.com/spie-1?directory=installer&list=Germany
Fischer,https://www.enfsolar.com/fischer-2?directory=installer&list=Germany
JT-Energy,https://www.enfsolar.com/jt-energy?directory=installer&list=Germany
SolarTechnik Münster Osnabrück,https://www.enfsolar.com/solartechnik-munster-osnabruck?directory=installer&list=Germany
Storm,https://www.enfsolar.com/storm?directory=installer&list=Germany
MIGO Energie & Umwelt,https://www.enfsolar.com/migo-energie-umwelt?directory=installer&list=Germany
HVAC & More,https://www.enfsolar.com/hvac-more?directory=installer&list=Germany
Elektro Flinspach,https://www.enfsolar.com/elektro-flinspach?directory=installer&list=Germany
Bachner Elektro,https://www.enfsolar.com/bachner-elektro?directory=installer&list=Germany
CitrinSolar,https://www.enfsolar.com/citrinsolar?directory=installer&list=Germany
Freßonke.Ewerth,https://www.enfsolar.com/fre-onke-ewerth?directory=installer&list=Germany
Elektro Faisst & Heuberger,https://www.enfsolar.com/elektro-faisst-heuberger?directory=installer&list=Germany
E-Werk Mittelbaden,https://www.enfsolar.com/e-werk-mittelbaden?directory=installer&list=Germany
Schaefer,https://www.enfsolar.com/schaefer?directory=installer&list=Germany
Elektro-Heuser,https://www.enfsolar.com/elektro-heuser?directory=installer&list=Germany
Dachdeckerei Fritz,https://www.enfsolar.com/dachdeckerei-fritz?directory=installer&list=Germany
Fritz Kramer,https://www.enfsolar.com/fritz-kramer?directory=installer&list=Germany
Coebiz,https://www.enfsolar.com/coebiz?directory=installer&list=Germany
Fritz Solar,https://www.enfsolar.com/fritz-solar?directory=installer&list=Germany
Fritz Solartechnik,https://www.enfsolar.com/fritz-solartechnik?directory=installer&list=Germany
Fritz Heitkamm,https://www.enfsolar.com/fritz-heitkamm?directory=installer&list=Germany
FES,https://www.enfsolar.com/fes-2?directory=installer&list=Germany
Manfred Kries,https://www.enfsolar.com/manfred-kries?directory=installer&list=Germany
Autargreen,https://www.enfsolar.com/autargreen?directory=installer&list=Germany
Cloudi,https://www.enfsolar.com/cloudi?directory=installer&list=Germany
ProfiSol,https://www.enfsolar.com/profisol?directory=installer&list=Germany
Energieheim,https://www.enfsolar.com/energieheim?directory=installer&list=Germany
Hanau Solar,https://www.enfsolar.com/hanau-solar?directory=installer&list=Germany
FSR die Solarwerker,https://www.enfsolar.com/fsr-die-solarwerker?directory=installer&list=Germany
Schumacher Systemtechnik,https://www.enfsolar.com/schumacher-systemtechnik?directory=installer&list=Germany
ESPV-Tec,https://www.enfsolar.com/espv-tec?directory=installer&list=Germany
Fast Tec,https://www.enfsolar.com/fast-tec?directory=installer&list=Germany
Energie Kooperation W. Buschbaum,https://www.enfsolar.com/energie-kooperation-w-buschbaum?directory=installer&list=Germany
Dieter Krauss,https://www.enfsolar.com/dieter-krauss?directory=installer&list=Germany
Elektro Rehse,https://www.enfsolar.com/elektro-rehse?directory=installer&list=Germany
Elektromeister Pascal Prezzo,https://www.enfsolar.com/elektromeister-pascal-prezzo?directory=installer&list=Germany
Maik Pilgram,https://www.enfsolar.com/maik-pilgram?directory=installer&list=Germany
Elektrotechnik Hafner,https://www.enfsolar.com/elektrotechnik-hafner?directory=installer&list=Germany
Zimmerei Töfflinger,https://www.enfsolar.com/zimmerei-tofflinger?directory=installer&list=Germany
Karsten Täubner,https://www.enfsolar.com/karsten-taubner?directory=installer&list=Germany
Ostermann & Partner,https://www.enfsolar.com/ostermann-partner?directory=installer&list=Germany
Wiethake Haustechnik,https://www.enfsolar.com/wiethake-haustechnik?directory=installer&list=Germany
Krasniqi,https://www.enfsolar.com/krasniqi?directory=installer&list=Germany
Hinrichs Elektro- & Klimatechnik,https://www.enfsolar.com/hinrichs-elektro-klimatechnik?directory=installer&list=Germany
EZ Elektrotechnik,https://www.enfsolar.com/ez-elektrotechnik?directory=installer&list=Germany
HelioSoleil,https://www.enfsolar.com/heliosoleil?directory=installer&list=Germany
Jens Hammer Bad-Heizung-Service,https://www.enfsolar.com/jens-hammer-bad-heizung-service?directory=installer&list=Germany
Wegener Elektroanlagen,https://www.enfsolar.com/wegener-elektroanlagen?directory=installer&list=Germany
Paul&Paul,https://www.enfsolar.com/paul-paul?directory=installer&list=Germany
Hahn,https://www.enfsolar.com/hahn?directory=installer&list=Germany
Giesecke Energy,https://www.enfsolar.com/giesecke-energy?directory=installer&list=Germany
AM Photovoltaik,https://www.enfsolar.com/am-photovoltaik?directory=installer&list=Germany
Philipps,https://www.enfsolar.com/philipps?directory=installer&list=Germany
BEA,https://www.enfsolar.com/bea?directory=installer&list=Germany
Elektro Eppli,https://www.enfsolar.com/elektro-eppli?directory=installer&list=Germany
Elektro Bachmeir,https://www.enfsolar.com/elektro-bachmeir?directory=installer&list=Germany
Hartmann Energietechnik,https://www.enfsolar.com/hartmann-energietechnik?directory=installer&list=Germany
DET,https://www.enfsolar.com/det-1?directory=installer&list=Germany
Heiko Hennig Gebäudetechnik,https://www.enfsolar.com/heiko-hennig-gebaudetechnik?directory=installer&list=Germany
Gernot Berner,https://www.enfsolar.com/gernot-berner?directory=installer&list=Germany
Quantus,https://www.enfsolar.com/quantus?directory=installer&list=Germany
FDA Energy,https://www.enfsolar.com/fda-energy?directory=installer&list=Germany
Moin Solar,https://www.enfsolar.com/moin-solar?directory=installer&list=Germany
Schäffer Solartechniken,https://www.enfsolar.com/schaffer-solartechniken?directory=installer&list=Germany
Schafer Solar Systems,https://www.enfsolar.com/schafer-solar-systems?directory=installer&list=Germany
SunOyster,https://www.enfsolar.com/sunoyster?directory=installer&list=Germany
SolarTech Kaiser,https://www.enfsolar.com/solartech-kaiser?directory=installer&list=Germany
ACS Énergie Solaire,https://www.enfsolar.com/acs-energie-solaire?directory=installer&list=Germany
ED PV – Energy,https://www.enfsolar.com/ed-pv-energy-1?directory=installer&list=Germany
SP Smart Electronics,https://www.enfsolar.com/sp-smart-electronics?directory=installer&list=Germany
Solenso,https://www.enfsolar.com/solenso-1?directory=installer&list=Germany
GridParity,https://www.enfsolar.com/gridparity?directory=installer&list=Germany
Dörr Dach+Wand,https://www.enfsolar.com/dorr-dach-wand?directory=installer&list=Germany
Engelhardt,https://www.enfsolar.com/engelhardt-1?directory=installer&list=Germany
Popiolek Fassaden,https://www.enfsolar.com/popiolek-fassaden?directory=installer&list=Germany
AS-Hausrenovierungen,https://www.enfsolar.com/as-hausrenovierungen?directory=installer&list=Germany
Bartsch Bedachungen,https://www.enfsolar.com/bartsch-bedachungen?directory=installer&list=Germany
Günzkofer Elektrotechnik,https://www.enfsolar.com/gunzkofer-elektrotechnik?directory=installer&list=Germany
Schiffer Bedachungen,https://www.enfsolar.com/schiffer-bedachungen?directory=installer&list=Germany
Enpla,https://www.enfsolar.com/enpla?directory=installer&list=Germany
Freimann-Schwarz,https://www.enfsolar.com/freimann-schwarz?directory=installer&list=Germany
Buck,https://www.enfsolar.com/buck?directory=installer&list=Germany
Spanier,https://www.enfsolar.com/spanier?directory=installer&list=Germany
Elektro Scheldt,https://www.enfsolar.com/elektro-scheldt?directory=installer&list=Germany
Woydowski,https://www.enfsolar.com/woydowski?directory=installer&list=Germany
Vesper,https://www.enfsolar.com/vesper?directory=installer&list=Germany
Wenzel Elektroanlagen,https://www.enfsolar.com/wenzel-elektroanlagen?directory=installer&list=Germany
Elektro Wenzl,https://www.enfsolar.com/elektro-wenzl?directory=installer&list=Germany
E3 Partner,https://www.enfsolar.com/e3-partner?directory=installer&list=Germany
Solarmoos,https://www.enfsolar.com/solarmoos?directory=installer&list=Germany
Elektro Wenzel,https://www.enfsolar.com/elektro-wenzel?directory=installer&list=Germany
Elektro Schulten,https://www.enfsolar.com/elektro-schulten?directory=installer&list=Germany
Elektro-Wächter,https://www.enfsolar.com/elektro-wachter?directory=installer&list=Germany
Elektro Bogdan,https://www.enfsolar.com/elektro-bogdan?directory=installer&list=Germany
Schwaben Solar,https://www.enfsolar.com/schwaben-solar?directory=installer&list=Germany
B-G-S-Paulsen Haustechnik,https://www.enfsolar.com/b-g-s-paulsen-haustechnik?directory=installer&list=Germany
Elektro Gratschek,https://www.enfsolar.com/elektro-gratschek?directory=installer&list=Germany
Markus Loy Elektrotechnik,https://www.enfsolar.com/markus-loy-elektrotechnik?directory=installer&list=Germany
Elektro Fertsch,https://www.enfsolar.com/elektro-fertsch?directory=installer&list=Germany
Meyerhoff Haustechnik,https://www.enfsolar.com/meyerhoff-haustechnik?directory=installer&list=Germany
Wolfram Kern,https://www.enfsolar.com/wolfram-kern?directory=installer&list=Germany
Elektro Tschierske,https://www.enfsolar.com/elektro-tschierske?directory=installer&list=Germany
IGE,https://www.enfsolar.com/ige?directory=installer&list=Germany
Gißler-Elektrotechnik,https://www.enfsolar.com/gi-ler-elektrotechnik?directory=installer&list=Germany
Wächter Elektrotechnik,https://www.enfsolar.com/wachter-elektrotechnik?directory=installer&list=Germany
Enbekon,https://www.enfsolar.com/enbekon?directory=installer&list=Germany
Elektroanlagen Lepschy,https://www.enfsolar.com/elektroanlagen-lepschy?directory=installer&list=Germany
SCB,https://www.enfsolar.com/scb?directory=installer&list=Germany
Uhlemayr Elektro,https://www.enfsolar.com/uhlemayr-elektro?directory=installer&list=Germany
Elektro Schreiber,https://www.enfsolar.com/elektro-schreiber?directory=installer&list=Germany
K. Ludwig Kriete,https://www.enfsolar.com/k-ludwig-kriete?directory=installer&list=Germany
O. & W. Hartkopf Elektrotechnik,https://www.enfsolar.com/o-w-hartkopf-elektrotechnik?directory=installer&list=Germany
Elektrotechnik Nill,https://www.enfsolar.com/elektrotechnik-nill?directory=installer&list=Germany
Elektro-Pönicke,https://www.enfsolar.com/elektro-ponicke?directory=installer&list=Germany
E-Tec+ Heiko Ulager,https://www.enfsolar.com/e-tec-heiko-ulager?directory=installer&list=Germany
Klaus Strobel Elektrotechnik,https://www.enfsolar.com/klaus-strobel-elektrotechnik?directory=installer&list=Germany
Elektro Strobl,https://www.enfsolar.com/elektro-strobl?directory=installer&list=Germany
Elektromeister Georg Penn,https://www.enfsolar.com/elektromeister-georg-penn?directory=installer&list=Germany
Solartechnik-Silkenbömer,https://www.enfsolar.com/solartechnik-silkenbomer?directory=installer&list=Germany
Elektro Laudenberg,https://www.enfsolar.com/elektro-laudenberg?directory=installer&list=Germany
PEC,https://www.enfsolar.com/pec?directory=installer&list=Germany
Markus Heinrich,https://www.enfsolar.com/markus-heinrich?directory=installer&list=Germany
Adites,https://www.enfsolar.com/adites?directory=installer&list=Germany
Solarenergie Vetter,https://www.enfsolar.com/solarenergie-vetter?directory=installer&list=Germany
AZ-Elektro,https://www.enfsolar.com/az-elektro?directory=installer&list=Germany
Elektro-Günthner,https://www.enfsolar.com/elektro-gunthner?directory=installer&list=Germany
Elektro Eberhardt,https://www.enfsolar.com/elektro-eberhardt?directory=installer&list=Germany
Menke,https://www.enfsolar.com/menke?directory=installer&list=Germany
Grünauer,https://www.enfsolar.com/grunauer?directory=installer&list=Germany
Sonnovo,https://www.enfsolar.com/sonnovo?directory=installer&list=Germany
Solarheld 24,https://www.enfsolar.com/solarheld-24?directory=installer&list=Germany
Helmut Kerschbaum,https://www.enfsolar.com/helmut-kerschbaum?directory=installer&list=Germany
Elektro Lobenstock,https://www.enfsolar.com/elektro-lobenstock?directory=installer&list=Germany
EPL,https://www.enfsolar.com/epl?directory=installer&list=Germany
M. Sänger Energie,https://www.enfsolar.com/m-sanger-energie?directory=installer&list=Germany
Herges Solar,https://www.enfsolar.com/herges-solar?directory=installer&list=Germany
Trinewa,https://www.enfsolar.com/trinewa?directory=installer&list=Germany
Leifer & Hamann,https://www.enfsolar.com/leifer-hamann?directory=installer&list=Germany
Elektro Rümpel,https://www.enfsolar.com/elektro-rumpel?directory=installer&list=Germany
Peter Solarstrom OWL,https://www.enfsolar.com/peter-solarstrom-owl?directory=installer&list=Germany
Anytime Solar,https://www.enfsolar.com/anytime-solar?directory=installer&list=Germany
Hörmann,https://www.enfsolar.com/hormann?directory=installer&list=Germany
Retec Merz,https://www.enfsolar.com/retec-merz?directory=installer&list=Germany
Trend Energietechnik,https://www.enfsolar.com/trend-energietechnik?directory=installer&list=Germany
Drägert Gebäudetechnik,https://www.enfsolar.com/dragert-gebaudetechnik?directory=installer&list=Germany
Elektro-Mürle,https://www.enfsolar.com/elektro-murle?directory=installer&list=Germany
Keitel-Haus,https://www.enfsolar.com/keitel-haus?directory=installer&list=Germany
Elektro-Fuchs,https://www.enfsolar.com/elektro-fuchs?directory=installer&list=Germany
HW-Elektro,https://www.enfsolar.com/hw-elektro?directory=installer&list=Germany
Elektroservice Gaede-Kelle,https://www.enfsolar.com/elektroservice-gaede-kelle?directory=installer&list=Germany
Kleinke,https://www.enfsolar.com/kleinke?directory=installer&list=Germany
Rega Dach,https://www.enfsolar.com/rega-dach?directory=installer&list=Germany
PVK Projekt,https://www.enfsolar.com/pvk-projekt?directory=installer&list=Germany
S4E,https://www.enfsolar.com/s4e?directory=installer&list=Germany
Steins Solar,https://www.enfsolar.com/steins-solar?directory=installer&list=Germany
Elektro Sachgau,https://www.enfsolar.com/elektro-sachgau?directory=installer&list=Germany
Xeight,https://www.enfsolar.com/xeight?directory=installer&list=Germany
Van Koeverden Elektro,https://www.enfsolar.com/van-koeverden-elektro?directory=installer&list=Germany
Elektro Kästner,https://www.enfsolar.com/elektro-kastner?directory=installer&list=Germany
MyWay Solar,https://www.enfsolar.com/myway-solar?directory=installer&list=Germany
Bernd Reinhardt,https://www.enfsolar.com/bernd-reinhardt?directory=installer&list=Germany
Elektro Berger.Tom,https://www.enfsolar.com/elektro-berger-tom?directory=installer&list=Germany
Elektro Niedermeier,https://www.enfsolar.com/elektro-niedermeier?directory=installer&list=Germany
Elas Elektro,https://www.enfsolar.com/elas-elektro?directory=installer&list=Germany
Elektro Kuhnert,https://www.enfsolar.com/elektro-kuhnert?directory=installer&list=Germany
